Curso;Área;Categorias;Código WhatsApp;Caminho;URL final (GitHub Pages)
Administração;Gestão e negócios;10 a 15 dias (CT) / 2 a 7 dias (SEI);LP-ADMINISTRACAO;/lp/administracao/;https://michaelxsouza.github.io/LiderTec/lp/administracao/
Agente Comunitário de Saúde;Saúde e bem-estar;2 a 7 dias (SEI);LP-AGENTE-COMUNITARIO-DE-SAUDE;/lp/agente-comunitario-de-saude/;https://michaelxsouza.github.io/LiderTec/lp/agente-comunitario-de-saude/
Agricultura;Agro e meio ambiente;7 dias (IT) / 2 a 7 dias (SEI);LP-AGRICULTURA;/lp/agricultura/;https://michaelxsouza.github.io/LiderTec/lp/agricultura/
Agricultura e Agroindústria;Agro e meio ambiente;2 a 7 dias (SEI);LP-AGRICULTURA-E-AGROINDUSTRIA;/lp/agricultura-e-agroindustria/;https://michaelxsouza.github.io/LiderTec/lp/agricultura-e-agroindustria/
Agrimensura;Construção e infraestrutura;2 a 7 dias (SEI);LP-AGRIMENSURA;/lp/agrimensura/;https://michaelxsouza.github.io/LiderTec/lp/agrimensura/
Agroindústria;Agro e meio ambiente;2 a 7 dias (SEI);LP-AGROINDUSTRIA;/lp/agroindustria/;https://michaelxsouza.github.io/LiderTec/lp/agroindustria/
Agropecuária;Agro e meio ambiente;7 dias (IT);LP-AGROPECUARIA;/lp/agropecuaria/;https://michaelxsouza.github.io/LiderTec/lp/agropecuaria/
Análises Clínicas;Saúde e bem-estar;10 a 15 dias (CT) / 2 a 7 dias (SEI);LP-ANALISES-CLINICAS;/lp/analises-clinicas/;https://michaelxsouza.github.io/LiderTec/lp/analises-clinicas/
Aquicultura;Agro e meio ambiente;2 a 7 dias (SEI);LP-AQUICULTURA;/lp/aquicultura/;https://michaelxsouza.github.io/LiderTec/lp/aquicultura/
Automação Industrial;Indústria e manutenção;2 a 7 dias (SEI);LP-AUTOMACAO-INDUSTRIAL;/lp/automacao-industrial/;https://michaelxsouza.github.io/LiderTec/lp/automacao-industrial/
Biotecnologia;Indústria e manutenção;2 a 7 dias (SEI);LP-BIOTECNOLOGIA;/lp/biotecnologia/;https://michaelxsouza.github.io/LiderTec/lp/biotecnologia/
Celulose e Papel;Indústria e manutenção;10 a 15 dias (CT);LP-CELULOSE-E-PAPEL;/lp/celulose-e-papel/;https://michaelxsouza.github.io/LiderTec/lp/celulose-e-papel/
Contabilidade;Gestão e negócios;2 a 7 dias (SEI);LP-CONTABILIDADE;/lp/contabilidade/;https://michaelxsouza.github.io/LiderTec/lp/contabilidade/
Cuidador de Idosos;Saúde e bem-estar;10 a 15 dias (CT) / 2 a 7 dias (SEI);LP-CUIDADOR-DE-IDOSOS;/lp/cuidador-de-idosos/;https://michaelxsouza.github.io/LiderTec/lp/cuidador-de-idosos/
Defesa Civil;Segurança e proteção;2 a 7 dias (SEI);LP-DEFESA-CIVIL;/lp/defesa-civil/;https://michaelxsouza.github.io/LiderTec/lp/defesa-civil/
Desenvolvimento de Sistemas;Tecnologia e comunicação;2 a 7 dias (SEI);LP-DESENVOLVIMENTO-DE-SISTEMAS;/lp/desenvolvimento-de-sistemas/;https://michaelxsouza.github.io/LiderTec/lp/desenvolvimento-de-sistemas/
Design Gráfico;Design e criação;2 a 7 dias (SEI);LP-DESIGN-GRAFICO;/lp/design-grafico/;https://michaelxsouza.github.io/LiderTec/lp/design-grafico/
Design de Interiores;Design e criação;2 a 7 dias (SEI);LP-DESIGN-DE-INTERIORES;/lp/design-de-interiores/;https://michaelxsouza.github.io/LiderTec/lp/design-de-interiores/
Edificações;Construção e infraestrutura;2 a 7 dias (SEI);LP-EDIFICACOES;/lp/edificacoes/;https://michaelxsouza.github.io/LiderTec/lp/edificacoes/
Eletroeletrônica;Indústria e manutenção;7 dias (IT);LP-ELETROELETRONICA;/lp/eletroeletronica/;https://michaelxsouza.github.io/LiderTec/lp/eletroeletronica/
Eletromecânica;Indústria e manutenção;2 a 7 dias (SEI);LP-ELETROMECANICA;/lp/eletromecanica/;https://michaelxsouza.github.io/LiderTec/lp/eletromecanica/
Eletrotécnica;Indústria e manutenção;2 a 7 dias (SEI);LP-ELETROTECNICA;/lp/eletrotecnica/;https://michaelxsouza.github.io/LiderTec/lp/eletrotecnica/
Eletrônica;Indústria e manutenção;2 a 7 dias (SEI);LP-ELETRONICA;/lp/eletronica/;https://michaelxsouza.github.io/LiderTec/lp/eletronica/
Enfermagem;Saúde e bem-estar;2 a 7 dias (SEI);LP-ENFERMAGEM;/lp/enfermagem/;https://michaelxsouza.github.io/LiderTec/lp/enfermagem/
Equipamentos Biomédicos;Saúde e bem-estar;2 a 7 dias (SEI);LP-EQUIPAMENTOS-BIOMEDICOS;/lp/equipamentos-biomedicos/;https://michaelxsouza.github.io/LiderTec/lp/equipamentos-biomedicos/
Estética;Saúde e bem-estar;10 a 15 dias (CT) / 2 a 7 dias (SEI);LP-ESTETICA;/lp/estetica/;https://michaelxsouza.github.io/LiderTec/lp/estetica/
Eventos;Turismo, eventos e serviços;2 a 7 dias (SEI);LP-EVENTOS;/lp/eventos/;https://michaelxsouza.github.io/LiderTec/lp/eventos/
Farmácia;Saúde e bem-estar;10 a 15 dias (CT) / 2 a 7 dias (SEI);LP-FARMACIA;/lp/farmacia/;https://michaelxsouza.github.io/LiderTec/lp/farmacia/
Finanças;Gestão e negócios;7 dias (IT);LP-FINANCAS;/lp/financas/;https://michaelxsouza.github.io/LiderTec/lp/financas/
Gastronomia;Turismo, eventos e serviços;2 a 7 dias (SEI);LP-GASTRONOMIA;/lp/gastronomia/;https://michaelxsouza.github.io/LiderTec/lp/gastronomia/
Gerência em Saúde;Saúde e bem-estar;2 a 7 dias (SEI);LP-GERENCIA-EM-SAUDE;/lp/gerencia-em-saude/;https://michaelxsouza.github.io/LiderTec/lp/gerencia-em-saude/
Guia de Turismo;Turismo, eventos e serviços;10 a 15 dias (CT) / 2 a 7 dias (SEI);LP-GUIA-DE-TURISMO;/lp/guia-de-turismo/;https://michaelxsouza.github.io/LiderTec/lp/guia-de-turismo/
Informática;Tecnologia e comunicação;7 dias (IT);LP-INFORMATICA;/lp/informatica/;https://michaelxsouza.github.io/LiderTec/lp/informatica/
Informática para Internet;Tecnologia e comunicação;2 a 7 dias (SEI);LP-INFORMATICA-PARA-INTERNET;/lp/informatica-para-internet/;https://michaelxsouza.github.io/LiderTec/lp/informatica-para-internet/
Logística;Gestão e negócios;2 a 7 dias (SEI);LP-LOGISTICA;/lp/logistica/;https://michaelxsouza.github.io/LiderTec/lp/logistica/
Manutenção de Máquinas Industriais;Indústria e manutenção;2 a 7 dias (SEI);LP-MANUTENCAO-DE-MAQUINAS-INDUSTRIAIS;/lp/manutencao-de-maquinas-industriais/;https://michaelxsouza.github.io/LiderTec/lp/manutencao-de-maquinas-industriais/
Manutenção de Máquinas Navais;Indústria e manutenção;2 a 7 dias (SEI);LP-MANUTENCAO-DE-MAQUINAS-NAVAIS;/lp/manutencao-de-maquinas-navais/;https://michaelxsouza.github.io/LiderTec/lp/manutencao-de-maquinas-navais/
Manutenção de Máquinas Pesadas;Indústria e manutenção;2 a 7 dias (SEI);LP-MANUTENCAO-DE-MAQUINAS-PESADAS;/lp/manutencao-de-maquinas-pesadas/;https://michaelxsouza.github.io/LiderTec/lp/manutencao-de-maquinas-pesadas/
Marketing;Gestão e negócios;2 a 7 dias (SEI);LP-MARKETING;/lp/marketing/;https://michaelxsouza.github.io/LiderTec/lp/marketing/
Mecânica;Indústria e manutenção;7 dias (IT) / 2 a 7 dias (SEI);LP-MECANICA;/lp/mecanica/;https://michaelxsouza.github.io/LiderTec/lp/mecanica/
Meio Ambiente;Agro e meio ambiente;2 a 7 dias (SEI);LP-MEIO-AMBIENTE;/lp/meio-ambiente/;https://michaelxsouza.github.io/LiderTec/lp/meio-ambiente/
Metalurgia;Indústria e manutenção;2 a 7 dias (SEI);LP-METALURGIA;/lp/metalurgia/;https://michaelxsouza.github.io/LiderTec/lp/metalurgia/
Mineração;Indústria e manutenção;2 a 7 dias (SEI);LP-MINERACAO;/lp/mineracao/;https://michaelxsouza.github.io/LiderTec/lp/mineracao/
Nutrição e Dietética;Saúde e bem-estar;2 a 7 dias (SEI);LP-NUTRICAO-E-DIETETICA;/lp/nutricao-e-dietetica/;https://michaelxsouza.github.io/LiderTec/lp/nutricao-e-dietetica/
Prevenção e Combate a Incêndios;Segurança e proteção;2 a 7 dias (SEI);LP-PREVENCAO-E-COMBATE-A-INCENDIOS;/lp/prevencao-e-combate-a-incendios/;https://michaelxsouza.github.io/LiderTec/lp/prevencao-e-combate-a-incendios/
Qualidade;Gestão e negócios;2 a 7 dias (SEI);LP-QUALIDADE;/lp/qualidade/;https://michaelxsouza.github.io/LiderTec/lp/qualidade/
Química;Indústria e manutenção;2 a 7 dias (SEI);LP-QUIMICA;/lp/quimica/;https://michaelxsouza.github.io/LiderTec/lp/quimica/
Radiologia;Saúde e bem-estar;2 a 7 dias (SEI);LP-RADIOLOGIA;/lp/radiologia/;https://michaelxsouza.github.io/LiderTec/lp/radiologia/
Recursos Humanos;Gestão e negócios;2 a 7 dias (SEI);LP-RECURSOS-HUMANOS;/lp/recursos-humanos/;https://michaelxsouza.github.io/LiderTec/lp/recursos-humanos/
Rede de Computadores;Tecnologia e comunicação;2 a 7 dias (SEI);LP-REDE-DE-COMPUTADORES;/lp/rede-de-computadores/;https://michaelxsouza.github.io/LiderTec/lp/rede-de-computadores/
Refrigeração e Climatização;Indústria e manutenção;2 a 7 dias (SEI);LP-REFRIGERACAO-E-CLIMATIZACAO;/lp/refrigeracao-e-climatizacao/;https://michaelxsouza.github.io/LiderTec/lp/refrigeracao-e-climatizacao/
Saúde Bucal;Saúde e bem-estar;2 a 7 dias (SEI);LP-SAUDE-BUCAL;/lp/saude-bucal/;https://michaelxsouza.github.io/LiderTec/lp/saude-bucal/
Secretaria Escolar;Educação e humanidades;2 a 7 dias (SEI);LP-SECRETARIA-ESCOLAR;/lp/secretaria-escolar/;https://michaelxsouza.github.io/LiderTec/lp/secretaria-escolar/
Secretaria Escolar Eletrônica;Educação e humanidades;2 a 7 dias (SEI);LP-SECRETARIA-ESCOLAR-ELETRONICA;/lp/secretaria-escolar-eletronica/;https://michaelxsouza.github.io/LiderTec/lp/secretaria-escolar-eletronica/
Segurança do Trabalho;Segurança e proteção;10 a 15 dias (CT) / 2 a 7 dias (SEI);LP-SEGURANCA-DO-TRABALHO;/lp/seguranca-do-trabalho/;https://michaelxsouza.github.io/LiderTec/lp/seguranca-do-trabalho/
Serviços Jurídicos;Gestão e negócios;2 a 7 dias (SEI);LP-SERVICOS-JURIDICOS;/lp/servicos-juridicos/;https://michaelxsouza.github.io/LiderTec/lp/servicos-juridicos/
Sistema de Energia Renovável;Indústria e manutenção;2 a 7 dias (SEI);LP-SISTEMA-DE-ENERGIA-RENOVAVEL;/lp/sistema-de-energia-renovavel/;https://michaelxsouza.github.io/LiderTec/lp/sistema-de-energia-renovavel/
Telecomunicações;Tecnologia e comunicação;7 dias (IT) / 2 a 7 dias (SEI);LP-TELECOMUNICACOES;/lp/telecomunicacoes/;https://michaelxsouza.github.io/LiderTec/lp/telecomunicacoes/
Teologia;Educação e humanidades;7 dias (IT);LP-TEOLOGIA;/lp/teologia/;https://michaelxsouza.github.io/LiderTec/lp/teologia/
Tradução e Interpretação de Libras;Educação e humanidades;2 a 7 dias (SEI);LP-TRADUCAO-E-INTERPRETACAO-DE-LIBRAS;/lp/traducao-e-interpretacao-de-libras/;https://michaelxsouza.github.io/LiderTec/lp/traducao-e-interpretacao-de-libras/
Transações Imobiliárias;Gestão e negócios;10 a 15 dias (CT) / 2 a 7 dias (SEI);LP-TRANSACOES-IMOBILIARIAS;/lp/transacoes-imobiliarias/;https://michaelxsouza.github.io/LiderTec/lp/transacoes-imobiliarias/
Trânsito;Segurança e proteção;2 a 7 dias (SEI);LP-TRANSITO;/lp/transito/;https://michaelxsouza.github.io/LiderTec/lp/transito/
Vendas;Gestão e negócios;2 a 7 dias (SEI);LP-VENDAS;/lp/vendas/;https://michaelxsouza.github.io/LiderTec/lp/vendas/
Veterinária;Saúde e bem-estar;10 a 15 dias (CT) / 2 a 7 dias (SEI);LP-VETERINARIA;/lp/veterinaria/;https://michaelxsouza.github.io/LiderTec/lp/veterinaria/
Óptica;Saúde e bem-estar;2 a 7 dias (SEI);LP-OPTICA;/lp/optica/;https://michaelxsouza.github.io/LiderTec/lp/optica/
